model,layer,srcc,plcc
facebook/dinov2-base,0,,
facebook/dinov2-base,1,0.5775177746128487,0.4859488010406494
facebook/dinov2-base,2,0.5138456318338132,0.4919549524784088
facebook/dinov2-base,3,0.49517153169223366,0.46858108043670654
facebook/dinov2-base,4,0.5077416595865551,0.4999856948852539
facebook/dinov2-base,5,0.41152391301892144,0.36661288142204285
facebook/dinov2-base,6,0.35333982192979924,0.3228718638420105
facebook/dinov2-base,7,0.36747611345743586,0.34297382831573486
facebook/dinov2-base,8,0.3831684666954793,0.3469718098640442
facebook/dinov2-base,9,0.44325387983323633,0.46357303857803345
facebook/dinov2-base,10,0.44373777086197863,0.4581490755081177
facebook/dinov2-base,11,0.4642382274540936,0.46824437379837036
facebook/dinov2-base,12,0.4814269365026897,0.5166181325912476
facebook/dinov2-large,0,,
facebook/dinov2-large,1,0.5542162685255575,0.43505582213401794
facebook/dinov2-large,2,0.5465634880832555,0.45765551924705505
facebook/dinov2-large,3,0.5377357933561552,0.4576750099658966
facebook/dinov2-large,4,0.5399892343695977,0.4767928123474121
facebook/dinov2-large,5,0.46940170570332695,0.4555482268333435
facebook/dinov2-large,6,0.45586192148032384,0.42437463998794556
facebook/dinov2-large,7,0.42365848694438857,0.4091457724571228
facebook/dinov2-large,8,0.4243486335957923,0.41411101818084717
facebook/dinov2-large,9,0.43951670424218275,0.43333977460861206
facebook/dinov2-large,10,0.45453293419979834,0.41459524631500244
facebook/dinov2-large,11,0.40481949005356993,0.34718120098114014
facebook/dinov2-large,12,0.3602104605413524,0.3241787552833557
facebook/dinov2-large,13,0.34460094574815336,0.30222466588020325
facebook/dinov2-large,14,0.3593910375115932,0.3270564079284668
facebook/dinov2-large,15,0.36881893994444015,0.3415994942188263
facebook/dinov2-large,16,0.3860156026049211,0.3320406675338745
facebook/dinov2-large,17,0.4119041961384265,0.3955971896648407
facebook/dinov2-large,18,0.4301477809091852,0.4382823407649994
facebook/dinov2-large,19,0.4470545028689852,0.47385966777801514
facebook/dinov2-large,20,0.4507893642255129,0.4732308089733124
facebook/dinov2-large,21,0.44697803883932036,0.44581034779548645
facebook/dinov2-large,22,0.4489306288110845,0.43875837326049805
facebook/dinov2-large,23,0.4423008583392595,0.45729249715805054
facebook/dinov2-large,24,0.43440126014630703,0.4636370539665222
dinov2_small,0,,
dinov2_small,1,0.5475694659239545,0.47937044501304626
dinov2_small,2,0.5787194184011534,0.5075310468673706
dinov2_small,3,0.4973004214900681,0.47428756952285767
dinov2_small,4,0.48382931320149325,0.48452043533325195
dinov2_small,5,0.38495180442208515,0.3608602285385132
dinov2_small,6,0.37436122687704526,0.33294641971588135
dinov2_small,7,0.3046731054976779,0.2786952257156372
dinov2_small,8,0.39388807128927666,0.34657958149909973
dinov2_small,9,0.3886112005288617,0.34603530168533325
dinov2_small,10,0.4116349364361731,0.3720133900642395
dinov2_small,11,0.4621980660151395,0.4370482861995697
dinov2_small,12,0.503522520715358,0.5406302809715271
facebook/dinov3-vitb16-pretrain-lvd1689m,0,,
facebook/dinov3-vitb16-pretrain-lvd1689m,1,0.5387157328427651,0.4055732488632202
facebook/dinov3-vitb16-pretrain-lvd1689m,2,0.5149678548428439,0.4743691384792328
facebook/dinov3-vitb16-pretrain-lvd1689m,3,0.5072703470659007,0.4850691556930542
facebook/dinov3-vitb16-pretrain-lvd1689m,4,0.47470668310231723,0.4174395203590393
facebook/dinov3-vitb16-pretrain-lvd1689m,5,0.2756625736418416,0.2585013508796692
facebook/dinov3-vitb16-pretrain-lvd1689m,6,0.2674710917868507,0.26233160495758057
facebook/dinov3-vitb16-pretrain-lvd1689m,7,0.3259251394139466,0.34188544750213623
facebook/dinov3-vitb16-pretrain-lvd1689m,8,0.3513280498016685,0.3812255263328552
facebook/dinov3-vitb16-pretrain-lvd1689m,9,0.39122668507421826,0.42624425888061523
facebook/dinov3-vitb16-pretrain-lvd1689m,10,0.416801767572996,0.45951318740844727
facebook/dinov3-vitb16-pretrain-lvd1689m,11,0.43613418903525053,0.47664710879325867
facebook/dinov3-vitb16-pretrain-lvd1689m,12,0.47308598961404813,0.5142934322357178
facebook/dinov3-vitl16-pretrain-lvd1689m,0,,
facebook/dinov3-vitl16-pretrain-lvd1689m,1,0.5654990276496455,0.44189390540122986
facebook/dinov3-vitl16-pretrain-lvd1689m,2,0.5620603000265711,0.50020831823349
facebook/dinov3-vitl16-pretrain-lvd1689m,3,0.5298125112611526,0.5094327926635742
facebook/dinov3-vitl16-pretrain-lvd1689m,4,0.5173617676971227,0.49036210775375366
facebook/dinov3-vitl16-pretrain-lvd1689m,5,0.518256581763782,0.501228928565979
facebook/dinov3-vitl16-pretrain-lvd1689m,6,0.5094353482126618,0.4797441363334656
facebook/dinov3-vitl16-pretrain-lvd1689m,7,0.45301551241243765,0.38288968801498413
facebook/dinov3-vitl16-pretrain-lvd1689m,8,0.3550589035310931,0.3172237277030945
facebook/dinov3-vitl16-pretrain-lvd1689m,9,0.3074210963651913,0.2663952708244324
facebook/dinov3-vitl16-pretrain-lvd1689m,10,0.22652889641723903,0.2120584100484848
facebook/dinov3-vitl16-pretrain-lvd1689m,11,0.24986238275914116,0.22855980694293976
facebook/dinov3-vitl16-pretrain-lvd1689m,12,0.2971438185082576,0.30499953031539917
facebook/dinov3-vitl16-pretrain-lvd1689m,13,0.318019199196249,0.32565903663635254
facebook/dinov3-vitl16-pretrain-lvd1689m,14,0.3233054571685533,0.3329799771308899
facebook/dinov3-vitl16-pretrain-lvd1689m,15,0.34403139019307555,0.36030957102775574
facebook/dinov3-vitl16-pretrain-lvd1689m,16,0.36811663376909065,0.36616086959838867
facebook/dinov3-vitl16-pretrain-lvd1689m,17,0.3974176313375525,0.4377695322036743
facebook/dinov3-vitl16-pretrain-lvd1689m,18,0.40969676158012164,0.46765637397766113
facebook/dinov3-vitl16-pretrain-lvd1689m,19,0.40053853360801,0.45539385080337524
facebook/dinov3-vitl16-pretrain-lvd1689m,20,0.3840558826171868,0.43093448877334595
facebook/dinov3-vitl16-pretrain-lvd1689m,21,0.3885247310959494,0.4244462847709656
facebook/dinov3-vitl16-pretrain-lvd1689m,22,0.38151004857185766,0.3449244499206543
facebook/dinov3-vitl16-pretrain-lvd1689m,23,0.4139717234677133,0.41715008020401
facebook/dinov3-vitl16-pretrain-lvd1689m,24,0.4183134916869298,0.4584290683269501
facebook/dinov3-vits16-pretrain-lvd1689m,0,,
facebook/dinov3-vits16-pretrain-lvd1689m,1,0.4800521864933791,0.4112165868282318
facebook/dinov3-vits16-pretrain-lvd1689m,2,0.5702896657219307,0.518493115901947
facebook/dinov3-vits16-pretrain-lvd1689m,3,0.5243789055357947,0.4916754364967346
facebook/dinov3-vits16-pretrain-lvd1689m,4,0.4836109305201039,0.4758073091506958
facebook/dinov3-vits16-pretrain-lvd1689m,5,0.40163627044692696,0.38670480251312256
facebook/dinov3-vits16-pretrain-lvd1689m,6,0.28719703548714015,0.26898854970932007
facebook/dinov3-vits16-pretrain-lvd1689m,7,0.2093553379620143,0.21842196583747864
facebook/dinov3-vits16-pretrain-lvd1689m,8,0.23157779129328326,0.2450554370880127
facebook/dinov3-vits16-pretrain-lvd1689m,9,0.2848004932764465,0.312630832195282
facebook/dinov3-vits16-pretrain-lvd1689m,10,0.3229145244099888,0.359474778175354
facebook/dinov3-vits16-pretrain-lvd1689m,11,0.4561621733575095,0.5122509598731995
facebook/dinov3-vits16-pretrain-lvd1689m,12,0.5013840216384023,0.548398494720459
siglip2_base,0,0.43436017956863826,0.31530073285102844
siglip2_base,1,0.4963350659923399,0.45283785462379456
siglip2_base,2,0.5039216424468133,0.4824906587600708
siglip2_base,3,0.5400932314552115,0.5383944511413574
siglip2_base,4,0.5405817576473556,0.5363320112228394
siglip2_base,5,0.5627046117293907,0.5758935213088989
siglip2_base,6,0.5738047497020335,0.5868496298789978
siglip2_base,7,0.5793465893502133,0.5947537422180176
siglip2_base,8,0.5630123944453841,0.5738032460212708
siglip2_base,9,0.5569336858369744,0.5612483024597168
siglip2_base,10,0.5591676523314785,0.5665574073791504
siglip2_base,11,0.5553578233276565,0.5599313378334045
siglip2_base,12,0.5389871628404063,0.5369967222213745
google/siglip2-large-patch16-256,0,0.4223042407838451,0.1347644031047821
google/siglip2-large-patch16-256,1,0.4855698418672395,0.39160484075546265
google/siglip2-large-patch16-256,2,0.49007507391377947,0.46553441882133484
google/siglip2-large-patch16-256,3,0.4536772189263183,0.4409518241882324
google/siglip2-large-patch16-256,4,0.44620356979129544,0.43819451332092285
google/siglip2-large-patch16-256,5,0.43403357463773423,0.4156038761138916
google/siglip2-large-patch16-256,6,0.44640817065032945,0.4307304620742798
google/siglip2-large-patch16-256,7,0.469485615383302,0.46209830045700073
google/siglip2-large-patch16-256,8,0.5058141770131016,0.5097804665565491
google/siglip2-large-patch16-256,9,0.4966156012108782,0.5026106834411621
google/siglip2-large-patch16-256,10,0.5080897659422936,0.5203485488891602
google/siglip2-large-patch16-256,11,0.5241967100945276,0.5363084673881531
google/siglip2-large-patch16-256,12,0.5360198544389543,0.5504426956176758
google/siglip2-large-patch16-256,13,0.5510019187986347,0.5604546666145325
google/siglip2-large-patch16-256,14,0.5570725978464323,0.5670417547225952
google/siglip2-large-patch16-256,15,0.5635196753461439,0.576095461845398
google/siglip2-large-patch16-256,16,0.5568954152548357,0.5697306394577026
google/siglip2-large-patch16-256,17,0.5568214457400565,0.5725289583206177
google/siglip2-large-patch16-256,18,0.5543043688131256,0.5697331428527832
google/siglip2-large-patch16-256,19,0.5474697877922108,0.5607414841651917
google/siglip2-large-patch16-256,20,0.5425017186226563,0.5532305836677551
google/siglip2-large-patch16-256,21,0.5386201175995469,0.5497559309005737
google/siglip2-large-patch16-256,22,0.5301389468686103,0.5438478589057922
google/siglip2-large-patch16-256,23,0.520232661919273,0.5392483472824097
google/siglip2-large-patch16-256,24,0.5088614498321751,0.5308845639228821
