name,dataset,target_mos,predicted_mos
LIVE/img123.bmp,LIVE,61.34682083129883,36.499568939208984
LIVE/img176.bmp,LIVE,90.00785064697266,58.53619384765625
LIVE/img32.bmp,LIVE,33.494258880615234,43.20404815673828
LIVE/img84.bmp,LIVE,0.0,17.165420532226562
LIVE/img13.bmp,LIVE,21.92789077758789,30.4801025390625
LIVE/img70.bmp,LIVE,75.36497497558594,41.65382766723633
LIVE/img80.bmp,LIVE,67.77811431884766,42.66387176513672
LIVE/img230.bmp,LIVE,90.88434600830078,81.47058868408203
LIVE/img31.bmp,LIVE,27.514598846435547,43.84056091308594
LIVE/img140.bmp,LIVE,0.0,25.996549606323242
LIVE/img77.bmp,LIVE,94.20486450195312,94.79733276367188
LIVE/img203.bmp,LIVE,41.031768798828125,41.0621452331543
LIVE/img49.bmp,LIVE,35.511077880859375,38.35646057128906
LIVE/img132.bmp,LIVE,11.71563720703125,22.55927276611328
LIVE/img166.bmp,LIVE,0.0,23.22205352783203
LIVE/img35.bmp,LIVE,38.087799072265625,45.263916015625
LIVE/img58.bmp,LIVE,5.651470184326172,31.166532516479492
LIVE/img58.bmp,LIVE,106.36985778808594,52.62110137939453
LIVE/img207.bmp,LIVE,70.0246353149414,45.64902114868164
LIVE/img24.bmp,LIVE,0.0,25.969600677490234
LIVE/img46.bmp,LIVE,73.09174346923828,64.12713623046875
LIVE/img40.bmp,LIVE,48.059940338134766,43.15107727050781
LIVE/img216.bmp,LIVE,12.116676330566406,21.29393196105957
LIVE/img111.bmp,LIVE,15.821826934814453,18.71476936340332
LIVE/img217.bmp,LIVE,101.27286529541016,69.668212890625
LIVE/img173.bmp,LIVE,0.0,25.68319320678711
LIVE/img132.bmp,LIVE,101.31922912597656,86.44131469726562
LIVE/img160.bmp,LIVE,95.51848602294922,72.91815948486328
LIVE/img91.bmp,LIVE,78.9756851196289,54.18498992919922
LIVE/img25.bmp,LIVE,0.0,31.270437240600586
LIVE/img187.bmp,LIVE,29.91857147216797,43.79267120361328
LIVE/img19.bmp,LIVE,53.17308044433594,41.006919860839844
LIVE/img74.bmp,LIVE,40.94953155517578,35.097652435302734
LIVE/img163.bmp,LIVE,0.0,31.270435333251953
LIVE/img84.bmp,LIVE,31.249874114990234,54.27074432373047
LIVE/img144.bmp,LIVE,65.45198822021484,51.48423767089844
LIVE/img68.bmp,LIVE,45.829078674316406,40.165042877197266
LIVE/img122.bmp,LIVE,0.0,24.183258056640625
LIVE/img157.bmp,LIVE,0.0,25.674596786499023
LIVE/img62.bmp,LIVE,67.83771514892578,51.212223052978516
LIVE/img20.bmp,LIVE,0.0,28.155834197998047
LIVE/img68.bmp,LIVE,69.5058822631836,55.96527099609375
LIVE/img173.bmp,LIVE,0.0,29.683374404907227
LIVE/img22.bmp,LIVE,62.589210510253906,35.4421501159668
LIVE/img181.bmp,LIVE,78.1678237915039,51.47734832763672
LIVE/img204.bmp,LIVE,0.0,25.68319320678711
LIVE/img84.bmp,LIVE,26.214191436767578,33.481842041015625
LIVE/img105.bmp,LIVE,33.96635818481445,43.75187683105469
LIVE/img167.bmp,LIVE,75.99002075195312,49.461448669433594
LIVE/img226.bmp,LIVE,55.52000427246094,50.23352813720703
LIVE/img125.bmp,LIVE,25.723920822143555,39.49839401245117
LIVE/img44.bmp,LIVE,38.18877029418945,43.13336181640625
LIVE/img136.bmp,LIVE,0.0,31.270437240600586
LIVE/img50.bmp,LIVE,57.08857727050781,43.35122299194336
LIVE/img97.bmp,LIVE,65.70698547363281,42.79977798461914
LIVE/img56.bmp,LIVE,37.03663635253906,42.29716491699219
LIVE/img54.bmp,LIVE,20.527484893798828,43.989112854003906
LIVE/img217.bmp,LIVE,10.139263153076172,29.591217041015625
LIVE/img38.bmp,LIVE,65.85757446289062,44.190311431884766
LIVE/img86.bmp,LIVE,76.2353286743164,61.56516647338867
LIVE/img49.bmp,LIVE,13.315532684326172,20.305044174194336
LIVE/img177.bmp,LIVE,89.890625,69.88802337646484
LIVE/img163.bmp,LIVE,49.97308349609375,44.630859375
LIVE/img22.bmp,LIVE,29.05160903930664,55.84530258178711
LIVE/img90.bmp,LIVE,42.0432014465332,45.764495849609375
LIVE/img107.bmp,LIVE,25.838178634643555,46.0396842956543
LIVE/img106.bmp,LIVE,64.70246887207031,60.84502410888672
LIVE/img123.bmp,LIVE,0.0,24.70003318786621
LIVE/img12.bmp,LIVE,46.157222747802734,45.719032287597656
LIVE/img151.bmp,LIVE,0.0,26.80582046508789
LIVE/img156.bmp,LIVE,0.0,25.969600677490234
LIVE/img131.bmp,LIVE,89.07333374023438,71.52586364746094
LIVE/img167.bmp,LIVE,53.281982421875,41.912132263183594
LIVE/img116.bmp,LIVE,67.46533966064453,43.11397933959961
LIVE/img26.bmp,LIVE,11.714567184448242,16.602313995361328
LIVE/img110.bmp,LIVE,40.313194274902344,41.51821517944336
LIVE/img154.bmp,LIVE,0.0,29.97246742248535
LIVE/img110.bmp,LIVE,51.67024612426758,40.488975524902344
LIVE/img130.bmp,LIVE,11.018020629882812,38.67064666748047
LIVE/img156.bmp,LIVE,0.0,25.969600677490234
LIVE/img167.bmp,LIVE,0.0,22.253421783447266
LIVE/img127.bmp,LIVE,15.147109985351562,42.10158920288086
LIVE/img92.bmp,LIVE,48.374698638916016,50.820926666259766
LIVE/img62.bmp,LIVE,73.80284118652344,60.56523895263672
LIVE/img105.bmp,LIVE,12.867990493774414,28.25728416442871
LIVE/img134.bmp,LIVE,72.35535430908203,47.84543991088867
LIVE/img88.bmp,LIVE,39.10614013671875,42.847999572753906
LIVE/img77.bmp,LIVE,40.77253723144531,40.24656677246094
LIVE/img221.bmp,LIVE,93.81353759765625,70.14195251464844
LIVE/img130.bmp,LIVE,70.50328063964844,53.94047546386719
LIVE/img171.bmp,LIVE,18.143108367919922,36.78995132446289
LIVE/img3.bmp,LIVE,44.78192901611328,50.547386169433594
LIVE/img1.bmp,LIVE,52.924354553222656,38.66428756713867
LIVE/img46.bmp,LIVE,21.371736526489258,28.655792236328125
LIVE/img116.bmp,LIVE,101.1082534790039,85.64068603515625
LIVE/img181.bmp,LIVE,85.99580383300781,48.40290069580078
LIVE/img42.bmp,LIVE,58.41939163208008,48.80604553222656
LIVE/img38.bmp,LIVE,49.57258224487305,38.146339416503906
LIVE/img74.bmp,LIVE,52.08982849121094,55.46786117553711
LIVE/img9.bmp,LIVE,63.12396240234375,35.681758880615234
LIVE/img17.bmp,LIVE,51.40668487548828,36.20645523071289
LIVE/img89.bmp,LIVE,57.538604736328125,34.12956237792969
LIVE/img72.bmp,LIVE,22.84136962890625,32.83591842651367
LIVE/img179.bmp,LIVE,0.0,32.007659912109375
LIVE/img72.bmp,LIVE,45.004329681396484,36.41267395019531
LIVE/img182.bmp,LIVE,40.352298736572266,47.79004669189453
LIVE/img76.bmp,LIVE,20.007482528686523,50.337799072265625
LIVE/img155.bmp,LIVE,0.0,16.793119430541992
LIVE/img147.bmp,LIVE,100.9170913696289,72.91815948486328
LIVE/img73.bmp,LIVE,60.106971740722656,33.474571228027344
LIVE/img102.bmp,LIVE,37.963932037353516,27.261144638061523
LIVE/img232.bmp,LIVE,93.19974517822266,76.78204345703125
LIVE/img16.bmp,LIVE,65.82498168945312,63.742652893066406
LIVE/img72.bmp,LIVE,0.0,25.599109649658203
LIVE/img117.bmp,LIVE,28.797344207763672,56.698646545410156
LIVE/img21.bmp,LIVE,61.680999755859375,38.69618225097656
LIVE/img33.bmp,LIVE,33.162147521972656,40.434234619140625
LIVE/img200.bmp,LIVE,63.307613372802734,51.597679138183594
LIVE/img44.bmp,LIVE,71.61970520019531,54.47380828857422
LIVE/img66.bmp,LIVE,0.0,24.70003318786621
LIVE/img37.bmp,LIVE,64.62638854980469,43.906829833984375
LIVE/img86.bmp,LIVE,57.3930549621582,36.2965087890625
LIVE/img93.bmp,LIVE,58.589683532714844,57.78094482421875
LIVE/img210.bmp,LIVE,26.665407180786133,41.39590835571289
LIVE/img16.bmp,LIVE,0.0,26.069169998168945
LIVE/img145.bmp,LIVE,0.0,29.97246742248535
LIVE/img108.bmp,LIVE,55.53557586669922,34.19963836669922
LIVE/img96.bmp,LIVE,21.4194393157959,44.5318489074707
LIVE/img70.bmp,LIVE,8.049362182617188,27.432893753051758
LIVE/img213.bmp,LIVE,85.98716735839844,82.60721588134766
LIVE/img62.bmp,LIVE,62.92970657348633,47.59466552734375
LIVE/img115.bmp,LIVE,0.0,16.354482650756836
LIVE/img9.bmp,LIVE,63.02744674682617,44.740577697753906
LIVE/img98.bmp,LIVE,13.266839981079102,43.051490783691406
LIVE/img79.bmp,LIVE,79.16743469238281,45.75019073486328
LIVE/img139.bmp,LIVE,52.698631286621094,45.78036117553711
LIVE/img98.bmp,LIVE,19.871604919433594,38.21926498413086
LIVE/img132.bmp,LIVE,64.12525177001953,33.716732025146484
LIVE/img1.bmp,LIVE,0.0,24.70003318786621
LIVE/img23.bmp,LIVE,109.62708282470703,99.75851440429688
LIVE/img196.bmp,LIVE,62.73568344116211,54.71099090576172
LIVE/img58.bmp,LIVE,72.87394714355469,26.985549926757812
LIVE/img78.bmp,LIVE,15.388647079467773,43.10234832763672
LIVE/img46.bmp,LIVE,72.81442260742188,60.86537170410156
LIVE/img62.bmp,LIVE,6.32075309753418,23.025192260742188
LIVE/img144.bmp,LIVE,56.341156005859375,30.05864906311035
LIVE/img145.bmp,LIVE,34.05022048950195,41.17765808105469
LIVE/img6.bmp,LIVE,28.910343170166016,47.225669860839844
LIVE/img41.bmp,LIVE,47.907798767089844,43.140052795410156
LIVE/img162.bmp,LIVE,0.0,29.682052612304688
LIVE/img173.bmp,LIVE,0.0,25.68319320678711
LIVE/img18.bmp,LIVE,81.0179672241211,83.31658172607422
LIVE/img192.bmp,LIVE,93.03652954101562,73.9193344116211
LIVE/img122.bmp,LIVE,68.14522552490234,52.30149841308594
LIVE/img153.bmp,LIVE,0.0,31.270437240600586
LIVE/img140.bmp,LIVE,65.20626068115234,36.93206787109375
LIVE/img169.bmp,LIVE,0.0,22.65375518798828
LIVE/img88.bmp,LIVE,66.04418182373047,57.67577362060547
LIVE/img75.bmp,LIVE,11.0352783203125,25.83498191833496
LIVE/img107.bmp,LIVE,73.06324768066406,40.4815559387207
LIVE/img141.bmp,LIVE,64.80613708496094,34.581748962402344
LIVE/img156.bmp,LIVE,59.64918899536133,44.36221694946289
LIVE/img19.bmp,LIVE,0.0,26.084651947021484
LIVE/img64.bmp,LIVE,0.0,29.860546112060547
LIVE/img6.bmp,LIVE,69.22921752929688,59.003501892089844
LIVE/img170.bmp,LIVE,0.0,18.047500610351562
LIVE/img12.bmp,LIVE,23.747800827026367,43.261688232421875
LIVE/img2.bmp,LIVE,37.46271896362305,30.900938034057617
LIVE/img25.bmp,LIVE,60.85908889770508,43.55056381225586
LIVE/img87.bmp,LIVE,105.1016616821289,97.66859436035156
LIVE/img143.bmp,LIVE,44.77638244628906,46.05435562133789
LIVE/img127.bmp,LIVE,21.24627113342285,30.913352966308594
LIVE/img39.bmp,LIVE,26.960369110107422,43.2078742980957
LIVE/img95.bmp,LIVE,0.0,31.667329788208008
LIVE/img94.bmp,LIVE,46.6613655090332,33.56159210205078
LIVE/img128.bmp,LIVE,21.111398696899414,24.584136962890625
LIVE/img137.bmp,LIVE,60.61338424682617,58.10900115966797
LIVE/img79.bmp,LIVE,55.06753158569336,35.601287841796875
LIVE/img109.bmp,LIVE,43.64868927001953,42.63924026489258
LIVE/img96.bmp,LIVE,69.26005554199219,35.00323486328125
LIVE/img136.bmp,LIVE,33.810646057128906,47.43418884277344
LIVE/img47.bmp,LIVE,48.08894729614258,50.177188873291016
LIVE/img166.bmp,LIVE,0.0,29.683374404907227
LIVE/img102.bmp,LIVE,6.724372863769531,28.86393165588379
LIVE/img178.bmp,LIVE,25.22278594970703,43.18215560913086
LIVE/img74.bmp,LIVE,11.021255493164062,31.381572723388672
LIVE/img56.bmp,LIVE,35.64458465576172,49.931541442871094
LIVE/img148.bmp,LIVE,0.0,31.667329788208008
LIVE/img9.bmp,LIVE,0.0,22.65375518798828
LIVE/img62.bmp,LIVE,33.289588928222656,43.76737594604492
LIVE/img65.bmp,LIVE,82.98273468017578,70.99394226074219
LIVE/img33.bmp,LIVE,42.614723205566406,49.11882781982422
LIVE/img165.bmp,LIVE,0.0,24.183258056640625
LIVE/img104.bmp,LIVE,90.8314437866211,75.85725402832031
LIVE/img53.bmp,LIVE,49.21986770629883,37.03952407836914
LIVE/img97.bmp,LIVE,52.89921569824219,36.45136642456055
TID2013/i04_20_3.bmp,TID2013,4.1904802322387695,4.179636001586914
TID2013/i05_23_3.bmp,TID2013,5.63415002822876,5.105470657348633
TID2013/i10_13_5.bmp,TID2013,2.897439956665039,2.9744129180908203
TID2013/i16_01_2.bmp,TID2013,5.650000095367432,5.2198686599731445
TID2013/i17_15_3.bmp,TID2013,3.2564098834991455,3.698620319366455
TID2013/i19_06_4.bmp,TID2013,3.5675699710845947,3.9948275089263916
TID2013/i15_23_1.bmp,TID2013,5.909090042114258,5.022963523864746
TID2013/I06_13_1.BMP,TID2013,4.675680160522461,4.317659378051758
TID2013/i06_09_1.bmp,TID2013,6.054049968719482,5.010200023651123
TID2013/i04_04_3.bmp,TID2013,6.150000095367432,4.893115520477295
TID2013/i22_07_4.bmp,TID2013,3.894740104675293,3.524190902709961
TID2013/i03_13_4.bmp,TID2013,2.924999952316284,3.09486722946167
TID2013/i12_06_1.bmp,TID2013,5.081079959869385,5.1181864738464355
TID2013/i01_06_3.bmp,TID2013,3.7297298908233643,4.694597244262695
TID2013/I06_01_1.bmp,TID2013,5.756760120391846,5.140730857849121
TID2013/i13_24_1.bmp,TID2013,5.441860198974609,4.610138416290283
TID2013/i05_02_5.bmp,TID2013,4.256410121917725,3.855973720550537
TID2013/i03_21_3.bmp,TID2013,3.897439956665039,3.9102799892425537
TID2013/i19_15_1.bmp,TID2013,2.888890027999878,3.5806126594543457
TID2013/i10_07_5.bmp,TID2013,3.0526299476623535,3.416066884994507
TID2013/i12_12_2.bmp,TID2013,5.0526299476623535,4.640256881713867
TID2013/i16_18_4.bmp,TID2013,3.9230799674987793,3.824773073196411
TID2013/i09_13_2.bmp,TID2013,3.7741899490356445,3.7374887466430664
TID2013/i04_22_5.bmp,TID2013,2.9047598838806152,3.348357677459717
TID2013/i24_18_1.bmp,TID2013,4.800000190734863,4.346124172210693
TID2013/i23_06_1.bmp,TID2013,4.617650032043457,4.818859577178955
TID2013/i20_23_1.bmp,TID2013,5.9487199783325195,4.8727521896362305
TID2013/I22_01_1.bmp,TID2013,5.815790176391602,4.880900859832764
TID2013/i23_10_2.bmp,TID2013,5.794119834899902,4.960258960723877
TID2013/i24_21_1.bmp,TID2013,5.777780055999756,4.694047451019287
TID2013/i08_11_4.bmp,TID2013,4.193550109863281,5.1384758949279785
TID2013/i06_23_5.bmp,TID2013,2.342859983444214,2.3750298023223877
TID2013/i02_04_3.bmp,TID2013,5.194439888000488,4.854620933532715
TID2013/i18_14_4.bmp,TID2013,4.166669845581055,4.541871547698975
TID2013/i07_20_1.bmp,TID2013,5.75,4.797794818878174
TID2013/i04_02_5.bmp,TID2013,4.536590099334717,4.26065731048584
TID2013/i07_24_4.bmp,TID2013,2.25,2.2905845642089844
TID2013/i07_05_2.bmp,TID2013,5.800000190734863,5.067785739898682
TID2013/i11_12_3.bmp,TID2013,4.621620178222656,4.382367134094238
TID2013/i04_01_2.bmp,TID2013,5.476190090179443,4.940982341766357
TID2013/i25_20_3.bmp,TID2013,5.0,4.855234622955322
TID2013/i25_23_2.bmp,TID2013,6.277780055999756,4.899753570556641
TID2013/i05_24_4.bmp,TID2013,3.9512200355529785,3.923827648162842
TID2013/i09_15_3.bmp,TID2013,3.25,3.7523505687713623
TID2013/i02_24_5.bmp,TID2013,0.8918900489807129,1.7435061931610107
TID2013/i02_22_5.bmp,TID2013,2.222219944000244,2.9382476806640625
TID2013/i13_05_3.bmp,TID2013,5.511630058288574,4.903801918029785
TID2013/i07_10_5.bmp,TID2013,2.2272698879241943,2.4649646282196045
TID2013/i19_10_5.bmp,TID2013,1.6578898429870605,3.2316391468048096
TID2013/i14_16_2.bmp,TID2013,5.972970008850098,4.671727657318115
TID2013/i25_16_4.bmp,TID2013,5.555560111999512,5.094194412231445
TID2013/i24_07_5.bmp,TID2013,2.4444398880004883,2.943387508392334
TID2013/i21_13_3.bmp,TID2013,3.1707301139831543,3.6568212509155273
TID2013/i25_03_2.bmp,TID2013,3.583329916000366,3.8893685340881348
TID2013/i03_16_1.bmp,TID2013,6.820509910583496,4.75806999206543
TID2013/i18_07_3.bmp,TID2013,4.214290142059326,4.2477946281433105
TID2013/i15_02_4.bmp,TID2013,4.886360168457031,4.535999298095703
TID2013/i15_16_2.bmp,TID2013,5.906980037689209,4.8067731857299805
TID2013/i18_04_1.bmp,TID2013,6.175000190734863,4.4505414962768555
TID2013/i10_12_1.bmp,TID2013,4.769229888916016,4.683484077453613
TID2013/i10_04_1.bmp,TID2013,6.076920032501221,4.766078948974609
TID2013/i04_09_5.bmp,TID2013,2.5,3.18666934967041
TID2013/i10_14_2.bmp,TID2013,6.153850078582764,4.582126617431641
TID2013/i23_24_1.bmp,TID2013,5.852940082550049,4.489414691925049
TID2013/i01_09_1.bmp,TID2013,6.083330154418945,5.009759902954102
TID2013/i02_03_4.bmp,TID2013,3.527780055999756,3.4311070442199707
TID2013/i14_19_3.bmp,TID2013,4.972219944000244,4.728416919708252
TID2013/i18_22_2.bmp,TID2013,4.404759883880615,4.648697376251221
TID2013/i08_18_3.bmp,TID2013,2.9375,3.290370464324951
TID2013/i16_08_2.bmp,TID2013,5.224999904632568,4.549019813537598
TID2013/i08_01_3.bmp,TID2013,4.838709831237793,4.890904426574707
TID2013/i20_11_5.bmp,TID2013,0.7435898780822754,3.981487989425659
TID2013/i03_17_5.bmp,TID2013,3.794869899749756,4.424580097198486
TID2013/i21_17_1.bmp,TID2013,5.341460227966309,4.151124000549316
TID2013/i16_10_3.bmp,TID2013,5.256410121917725,4.745816230773926
TID2013/i12_07_1.bmp,TID2013,4.694439888000488,4.945740699768066
TID2013/i14_11_4.bmp,TID2013,3.083329916000366,4.82796049118042
TID2013/i01_21_2.bmp,TID2013,5.277780055999756,4.685444355010986
TID2013/i25_05_2.bmp,TID2013,5.257140159606934,4.964537620544434
TID2013/i17_19_4.bmp,TID2013,4.307690143585205,4.509734153747559
TID2013/i23_23_3.bmp,TID2013,5.1714301109313965,4.964848041534424
TID2013/i19_06_5.bmp,TID2013,3.189189910888672,3.888415813446045
TID2013/i06_08_3.bmp,TID2013,3.4857099056243896,4.274064540863037
TID2013/i19_24_2.bmp,TID2013,4.702700138092041,4.913913249969482
TID2013/i06_14_5.bmp,TID2013,4.305560111999512,4.24913215637207
TID2013/i15_20_2.bmp,TID2013,5.644440174102783,4.770658493041992
TID2013/i19_09_5.bmp,TID2013,1.8648600578308105,2.583820343017578
TID2013/i09_13_4.bmp,TID2013,2.8181800842285156,3.5006887912750244
TID2013/i02_09_1.bmp,TID2013,6.0,4.754961967468262
TID2013/i06_06_4.bmp,TID2013,3.527780055999756,3.58304762840271
TID2013/i03_22_5.bmp,TID2013,3.9210500717163086,4.138657569885254
TID2013/i06_02_2.bmp,TID2013,5.783780097961426,5.220164775848389
TID2013/i12_05_4.bmp,TID2013,4.351349830627441,4.621004581451416
TID2013/i01_07_2.bmp,TID2013,4.75,4.806723594665527
TID2013/i17_24_1.bmp,TID2013,6.050000190734863,4.460474967956543
TID2013/i07_21_3.bmp,TID2013,4.111110210418701,4.051705837249756
TID2013/i10_24_4.bmp,TID2013,1.8648600578308105,1.8745930194854736
TID2013/i08_23_2.bmp,TID2013,6.161290168762207,5.086673259735107
TID2013/i09_23_3.bmp,TID2013,6.030300140380859,5.197439193725586
TID2013/i24_04_1.bmp,TID2013,5.857140064239502,4.489215850830078
TID2013/i19_19_2.bmp,TID2013,4.972970008850098,4.988209247589111
TID2013/i05_18_5.bmp,TID2013,3.1500000953674316,3.1312522888183594
TID2013/I11_13_1.BMP,TID2013,4.083330154418945,4.3241777420043945
TID2013/i09_11_3.bmp,TID2013,3.96875,4.106988430023193
TID2013/i21_06_3.bmp,TID2013,4.02439022064209,4.112881660461426
TID2013/i06_23_4.bmp,TID2013,5.324319839477539,5.286332130432129
TID2013/i10_23_2.bmp,TID2013,5.9487199783325195,5.288379669189453
TID2013/i03_17_1.bmp,TID2013,6.282050132751465,4.647431373596191
TID2013/i02_21_4.bmp,TID2013,3.277780055999756,3.78977108001709
TID2013/i15_19_2.bmp,TID2013,5.333330154418945,4.967352867126465
TID2013/i13_21_5.bmp,TID2013,3.4761900901794434,3.2701783180236816
TID2013/i16_11_5.bmp,TID2013,0.9500000476837158,2.7860140800476074
TID2013/i08_11_5.bmp,TID2013,2.266669988632202,3.2461326122283936
TID2013/i07_12_5.bmp,TID2013,2.5111100673675537,2.9224941730499268
TID2013/i20_09_5.bmp,TID2013,2.216219902038574,4.185325622558594
TID2013/i16_15_2.bmp,TID2013,3.5384600162506104,3.4357311725616455
TID2013/i19_11_2.bmp,TID2013,4.973680019378662,5.078047752380371
TID2013/i18_21_2.bmp,TID2013,5.341460227966309,4.689783573150635
TID2013/i11_08_3.bmp,TID2013,3.7567598819732666,4.41016960144043
TID2013/i19_22_3.bmp,TID2013,4.400000095367432,4.449512958526611
TID2013/i20_19_3.bmp,TID2013,4.794869899749756,4.735990524291992
TID2013/i25_05_4.bmp,TID2013,3.857140064239502,3.948517084121704
TID2013/i22_18_1.bmp,TID2013,5.153850078582764,4.379094123840332
TID2013/i20_15_4.bmp,TID2013,3.897439956665039,4.061120510101318
TID2013/i18_23_3.bmp,TID2013,6.074999809265137,4.983026504516602
TID2013/i02_21_1.bmp,TID2013,5.972970008850098,4.837977409362793
TID2013/i06_20_2.bmp,TID2013,5.277780055999756,4.808363914489746
TID2013/i01_06_5.bmp,TID2013,2.9444398880004883,3.9533488750457764
TID2013/i01_08_1.bmp,TID2013,5.189189910888672,4.601220607757568
TID2013/i06_17_1.bmp,TID2013,5.555560111999512,4.261943340301514
TID2013/i05_12_1.bmp,TID2013,5.682929992675781,4.704527854919434
TID2013/i20_16_5.bmp,TID2013,4.717949867248535,5.50615930557251
TID2013/i10_10_5.bmp,TID2013,2.4358999729156494,4.050959587097168
TID2013/i19_16_3.bmp,TID2013,5.289470195770264,4.715042591094971
TID2013/i25_18_1.bmp,TID2013,5.611110210418701,4.83720588684082
TID2013/i07_13_4.bmp,TID2013,2.7272696495056152,2.9796738624572754
TID2013/i05_15_3.bmp,TID2013,3.3170700073242188,3.9489006996154785
TID2013/i11_02_4.bmp,TID2013,5.194439888000488,4.5904717445373535
TID2013/i18_10_2.bmp,TID2013,5.780489921569824,4.910363674163818
TID2013/i08_04_1.bmp,TID2013,6.064519882202148,4.436114311218262
TID2013/i02_15_2.bmp,TID2013,3.621619939804077,3.9216372966766357
TID2013/i20_05_4.bmp,TID2013,4.230770111083984,4.710389137268066
TID2013/i02_04_2.bmp,TID2013,6.1621599197387695,4.8393378257751465
TID2013/i04_17_3.bmp,TID2013,4.780489921569824,4.305963516235352
TID2013/i20_14_1.bmp,TID2013,6.026319980621338,4.4801435470581055
TID2013/i06_02_3.bmp,TID2013,5.4594597816467285,5.0707621574401855
TID2013/i02_05_3.bmp,TID2013,5.432429790496826,4.877382755279541
TID2013/i09_16_5.bmp,TID2013,4.666669845581055,5.0667219161987305
TID2013/i06_10_5.bmp,TID2013,1.7777800559997559,2.784522294998169
TID2013/i24_07_4.bmp,TID2013,2.885709762573242,3.7049121856689453
TID2013/i16_09_1.bmp,TID2013,6.02564001083374,5.1222734451293945
TID2013/i22_16_1.bmp,TID2013,5.8648600578308105,4.649219989776611
TID2013/I11_11_1.BMP,TID2013,5.861110210418701,4.4650678634643555
TID2013/i05_06_4.bmp,TID2013,3.3170700073242188,4.146435260772705
TID2013/i19_16_4.bmp,TID2013,5.8421101570129395,5.267537593841553
TID2013/i07_07_4.bmp,TID2013,3.622220039367676,3.82477068901062
TID2013/i22_21_5.bmp,TID2013,2.631579875946045,2.9935286045074463
TID2013/i14_21_2.bmp,TID2013,5.166669845581055,4.791745185852051
TID2013/i11_23_5.bmp,TID2013,2.7567598819732666,3.023799419403076
TID2013/i02_22_2.bmp,TID2013,5.243239879608154,4.594979286193848
TID2013/i19_05_3.bmp,TID2013,5.078949928283691,5.043420791625977
TID2013/i03_03_3.bmp,TID2013,3.8499999046325684,3.795454978942871
TID2013/I01_13_1.BMP,TID2013,5.4594597816467285,4.6698808670043945
TID2013/i25_17_1.bmp,TID2013,5.611110210418701,4.578110218048096
TID2013/i19_16_1.bmp,TID2013,6.131579875946045,4.651501178741455
TID2013/i04_07_3.bmp,TID2013,3.5238099098205566,3.7233493328094482
TID2013/i19_01_3.bmp,TID2013,4.605259895324707,4.81116247177124
TID2013/i25_12_4.bmp,TID2013,5.030300140380859,4.602684020996094
TID2013/i09_23_1.bmp,TID2013,6.25,5.229284763336182
TID2013/i20_07_2.bmp,TID2013,4.729730129241943,4.79268741607666
TID2013/i10_13_4.bmp,TID2013,2.6842100620269775,3.31288480758667
TID2013/i17_18_1.bmp,TID2013,4.550000190734863,4.119650840759277
TID2013/i20_06_4.bmp,TID2013,3.4358999729156494,3.5147154331207275
TID2013/i24_23_4.bmp,TID2013,5.088240146636963,4.696010112762451
TID2013/i15_01_5.bmp,TID2013,3.9111099243164062,3.9441375732421875
TID2013/i03_01_2.bmp,TID2013,5.105259895324707,4.958520889282227
TID2013/i04_21_5.bmp,TID2013,2.0,2.8180770874023438
TID2013/i16_03_5.bmp,TID2013,2.794869899749756,3.286189079284668
TID2013/i16_08_3.bmp,TID2013,4.275000095367432,4.381467342376709
TID2013/i17_09_4.bmp,TID2013,3.820509910583496,3.8246209621429443
TID2013/i12_18_3.bmp,TID2013,5.0,4.352015018463135
TID2013/i08_24_5.bmp,TID2013,2.625,2.7379536628723145
TID2013/i21_21_2.bmp,TID2013,5.142859935760498,4.819644927978516
TID2013/i11_02_2.bmp,TID2013,5.885709762573242,4.923670768737793
TID2013/i07_17_4.bmp,TID2013,6.727270126342773,5.157910346984863
TID2013/i22_14_2.bmp,TID2013,5.861110210418701,4.376184463500977
TID2013/i15_10_3.bmp,TID2013,4.599999904632568,4.503497123718262
TID2013/i05_07_2.bmp,TID2013,5.268290042877197,4.938066005706787
TID2013/i02_17_3.bmp,TID2013,4.8378400802612305,4.677772521972656
TID2013/i22_13_3.bmp,TID2013,3.6842100620269775,3.7191927433013916
TID2013/i22_20_3.bmp,TID2013,5.5526299476623535,4.632894039154053
TID2013/i14_01_2.bmp,TID2013,5.694439888000488,4.948881149291992
TID2013/i25_19_1.bmp,TID2013,5.166669845581055,4.988337516784668
TID2013/i10_04_2.bmp,TID2013,5.111110210418701,4.828364849090576
TID2013/i06_16_5.bmp,TID2013,4.138889789581299,4.95112419128418
TID2013/i10_16_3.bmp,TID2013,6.02564001083374,4.872109413146973
TID2013/i15_12_3.bmp,TID2013,4.222219944000244,3.999952554702759
TID2013/i11_19_4.bmp,TID2013,3.9714300632476807,4.351195335388184
TID2013/i23_01_5.bmp,TID2013,3.735290050506592,4.058440208435059
TID2013/i23_11_3.bmp,TID2013,3.117650032043457,3.880554437637329
TID2013/i19_20_4.bmp,TID2013,4.138889789581299,4.215998649597168
TID2013/i10_24_1.bmp,TID2013,5.461540222167969,4.7916412353515625
TID2013/i23_08_2.bmp,TID2013,5.529409885406494,4.786746978759766
TID2013/i18_22_1.bmp,TID2013,5.714290142059326,4.701887130737305
TID2013/i09_18_4.bmp,TID2013,3.3125,3.6027958393096924
TID2013/i15_03_5.bmp,TID2013,2.6279101371765137,2.8269615173339844
TID2013/i02_10_1.bmp,TID2013,6.0,4.955146789550781
TID2013/i05_13_4.bmp,TID2013,2.9756100177764893,3.457827568054199
TID2013/i21_15_1.bmp,TID2013,2.8536601066589355,3.8140108585357666
TID2013/i23_01_4.bmp,TID2013,4.085710048675537,4.363045692443848
TID2013/i15_24_5.bmp,TID2013,0.7272701263427734,1.711852788925171
TID2013/i15_24_4.bmp,TID2013,1.8863601684570312,1.6610355377197266
TID2013/i24_12_3.bmp,TID2013,5.48484992980957,4.658334255218506
TID2013/i22_06_3.bmp,TID2013,3.763159990310669,4.377387523651123
TID2013/i12_03_2.bmp,TID2013,4.1621599197387695,4.117999076843262
TID2013/i21_11_5.bmp,TID2013,1.0465102195739746,2.7938103675842285
TID2013/i14_09_3.bmp,TID2013,4.5,4.692465305328369
TID2013/i10_06_3.bmp,TID2013,4.578949928283691,4.317250728607178
TID2013/i20_09_4.bmp,TID2013,3.7567598819732666,4.610846519470215
TID2013/i08_06_1.bmp,TID2013,4.3871002197265625,4.880386829376221
TID2013/i09_22_2.bmp,TID2013,5.787879943847656,4.88136625289917
TID2013/i18_13_2.bmp,TID2013,4.357140064239502,4.287952423095703
TID2013/i07_22_2.bmp,TID2013,5.232560157775879,4.824073791503906
TID2013/i15_09_2.bmp,TID2013,5.545450210571289,4.9239983558654785
TID2013/i20_20_2.bmp,TID2013,5.461540222167969,4.843113422393799
TID2013/i11_12_1.bmp,TID2013,5.611110210418701,4.493141174316406
TID2013/i23_14_4.bmp,TID2013,5.058819770812988,4.460415840148926
TID2013/i08_21_1.bmp,TID2013,5.6875,4.901169300079346
TID2013/i22_06_2.bmp,TID2013,4.243239879608154,4.345159530639648
TID2013/i06_11_3.bmp,TID2013,4.5,5.106318950653076
TID2013/i04_08_5.bmp,TID2013,3.666670083999634,3.9862449169158936
TID2013/i22_02_3.bmp,TID2013,5.473680019378662,4.704048156738281
TID2013/i11_07_2.bmp,TID2013,4.800000190734863,4.421606540679932
TID2013/i03_12_4.bmp,TID2013,3.0999999046325684,3.563692569732666
TID2013/i25_14_2.bmp,TID2013,5.142859935760498,4.702107906341553
TID2013/i20_24_5.bmp,TID2013,0.8421099185943604,2.913989305496216
TID2013/i15_13_4.bmp,TID2013,2.863640069961548,2.9288692474365234
TID2013/i01_11_2.bmp,TID2013,5.675680160522461,4.830611228942871
TID2013/i15_24_2.bmp,TID2013,4.813950061798096,4.229922294616699
TID2013/i19_15_3.bmp,TID2013,3.51350998878479,3.7866086959838867
TID2013/i17_01_5.bmp,TID2013,3.8717899322509766,4.039886474609375
TID2013/i17_05_4.bmp,TID2013,4.179490089416504,4.61485481262207
TID2013/i06_10_3.bmp,TID2013,5.428569793701172,4.999489784240723
TID2013/i02_20_4.bmp,TID2013,4.0,4.133141994476318
TID2013/i20_10_3.bmp,TID2013,4.944439888000488,5.072633266448975
TID2013/i25_16_3.bmp,TID2013,5.771430015563965,4.686450958251953
TID2013/i23_14_5.bmp,TID2013,3.5999999046325684,4.301004409790039
TID2013/i23_07_4.bmp,TID2013,3.4411799907684326,3.434140205383301
TID2013/i05_11_4.bmp,TID2013,3.666670083999634,4.5137858390808105
TID2013/i08_19_2.bmp,TID2013,4.935480117797852,4.912415504455566
TID2013/i12_01_2.bmp,TID2013,4.972219944000244,5.245534896850586
TID2013/i18_09_5.bmp,TID2013,1.707319974899292,2.797407627105713
TID2013/i24_10_2.bmp,TID2013,5.8285698890686035,5.033884048461914
TID2013/i17_24_4.bmp,TID2013,2.0256400108337402,2.392028331756592
TID2013/i08_13_3.bmp,TID2013,4.3871002197265625,4.412949562072754
TID2013/i16_09_2.bmp,TID2013,5.769229888916016,4.985282897949219
TID2013/i11_16_5.bmp,TID2013,4.567570209503174,4.670934677124023
TID2013/i13_15_1.bmp,TID2013,2.7317099571228027,3.290803909301758
TID2013/i17_24_2.bmp,TID2013,5.525000095367432,4.345071315765381
TID2013/i18_11_5.bmp,TID2013,1.0,2.7902369499206543
TID2013/i15_02_2.bmp,TID2013,5.818180084228516,5.055247783660889
TID2013/i20_09_1.bmp,TID2013,6.263160228729248,4.889671802520752
TID2013/i14_11_5.bmp,TID2013,1.2857098579406738,4.282804012298584
TID2013/i18_09_1.bmp,TID2013,6.02439022064209,4.786521911621094
TID2013/i07_24_1.bmp,TID2013,5.720930099487305,4.450533390045166
TID2013/i25_09_2.bmp,TID2013,5.199999809265137,4.763365745544434
TID2013/i24_02_5.bmp,TID2013,4.527780055999756,4.177640914916992
TID2013/i09_05_2.bmp,TID2013,5.5,5.1355695724487305
TID2013/i14_20_2.bmp,TID2013,5.594590187072754,4.758979797363281
TID2013/i03_15_3.bmp,TID2013,4.025000095367432,4.135554313659668
TID2013/i08_22_4.bmp,TID2013,3.0625,3.5905351638793945
TID2013/i14_13_5.bmp,TID2013,1.9166698455810547,3.295107364654541
TID2013/i11_19_5.bmp,TID2013,3.621619939804077,4.192874431610107
TID2013/i03_24_4.bmp,TID2013,1.8157901763916016,2.139035224914551
TID2013/i07_22_1.bmp,TID2013,5.933330059051514,4.956393241882324
TID2013/i05_14_1.bmp,TID2013,5.926829814910889,4.650793075561523
TID2013/i15_16_3.bmp,TID2013,5.422220230102539,4.7128705978393555
TID2013/i21_23_3.bmp,TID2013,5.67441987991333,5.086273193359375
TID2013/i08_05_3.bmp,TID2013,4.71875,4.954847812652588
TID2013/i13_17_5.bmp,TID2013,2.5853700637817383,3.6488585472106934
TID2013/i01_13_4.bmp,TID2013,3.166670083999634,3.339104652404785
TID2013/I08_13_1.BMP,TID2013,5.78125,4.606776237487793
TID2013/i03_23_2.bmp,TID2013,5.846149921417236,5.045013427734375
TID2013/i03_12_1.bmp,TID2013,5.410260200500488,4.506687641143799
TID2013/i20_03_2.bmp,TID2013,4.210529804229736,4.224685192108154
TID2013/i15_13_5.bmp,TID2013,2.113640069961548,2.2862491607666016
TID2013/i10_19_1.bmp,TID2013,5.578949928283691,5.214001655578613
TID2013/i21_12_3.bmp,TID2013,6.0,4.386566162109375
TID2013/i20_21_5.bmp,TID2013,2.5789499282836914,4.243578910827637
TID2013/i03_19_3.bmp,TID2013,4.699999809265137,4.586372375488281
TID2013/i14_01_5.bmp,TID2013,3.75,3.922668933868408
TID2013/i02_01_3.bmp,TID2013,5.222219944000244,4.743081569671631
TID2013/i04_10_2.bmp,TID2013,5.97560977935791,5.021702766418457
TID2013/i13_24_3.bmp,TID2013,4.395349979400635,4.89754056930542
TID2013/i01_16_1.bmp,TID2013,5.805560111999512,4.760571479797363
TID2013/i03_16_4.bmp,TID2013,6.074999809265137,4.904190540313721
TID2013/i12_24_4.bmp,TID2013,1.973680019378662,2.2129452228546143
TID2013/i02_17_2.bmp,TID2013,5.6857099533081055,4.898383617401123
TID2013/i20_04_5.bmp,TID2013,4.054049968719482,4.880302429199219
TID2013/i09_07_2.bmp,TID2013,4.75,4.557372570037842
TID2013/i09_20_5.bmp,TID2013,2.909090042114258,3.3145394325256348
TID2013/i01_24_4.bmp,TID2013,3.0810799598693848,3.2946295738220215
TID2013/i20_04_1.bmp,TID2013,5.710529804229736,4.415164947509766
TID2013/i13_09_5.bmp,TID2013,0.48780012130737305,1.9430856704711914
TID2013/i22_20_4.bmp,TID2013,4.897439956665039,4.290398597717285
TID2013/i21_01_2.bmp,TID2013,5.069769859313965,4.897200584411621
TID2013/i16_23_2.bmp,TID2013,4.824999809265137,4.738109588623047
TID2013/i19_10_3.bmp,TID2013,4.861110210418701,4.897764205932617
TID2013/i07_21_4.bmp,TID2013,3.386359930038452,3.5103628635406494
TID2013/i24_12_5.bmp,TID2013,2.583329916000366,2.963026523590088
TID2013/i24_22_3.bmp,TID2013,4.617650032043457,4.264001369476318
TID2013/i22_09_2.bmp,TID2013,5.526319980621338,4.773715496063232
TID2013/i05_21_3.bmp,TID2013,4.36584997177124,4.482494354248047
TID2013/i15_24_3.bmp,TID2013,3.2272698879241943,3.438001871109009
TID2013/i16_20_1.bmp,TID2013,6.076920032501221,4.933157920837402
TID2013/i07_17_2.bmp,TID2013,6.400000095367432,4.898324966430664
TID2013/i15_11_4.bmp,TID2013,2.0,2.148996353149414
TID2013/i22_12_4.bmp,TID2013,4.368420124053955,4.077479839324951
TID2013/i09_14_4.bmp,TID2013,4.4375,4.38197660446167
TID2013/i10_06_1.bmp,TID2013,5.1578898429870605,5.0796051025390625
TID2013/i07_23_5.bmp,TID2013,2.644439697265625,3.170377254486084
TID2013/i16_09_4.bmp,TID2013,3.1282100677490234,3.241673231124878
TID2013/i07_23_1.bmp,TID2013,6.022220134735107,5.069748401641846
TID2013/i20_07_5.bmp,TID2013,3.2820498943328857,4.497877597808838
TID2013/i11_15_4.bmp,TID2013,3.675679922103882,3.785146951675415
TID2013/i09_07_1.bmp,TID2013,4.878789901733398,4.754975318908691
TID2013/i02_19_2.bmp,TID2013,5.432429790496826,4.729847431182861
TID2013/i21_10_2.bmp,TID2013,5.880949974060059,5.357079029083252
TID2013/i09_12_2.bmp,TID2013,5.90625,4.169094085693359
TID2013/i12_01_3.bmp,TID2013,4.789470195770264,5.096436500549316
TID2013/i01_02_1.bmp,TID2013,6.028570175170898,5.278979778289795
TID2013/i09_11_2.bmp,TID2013,5.15625,4.932069301605225
TID2013/i16_04_4.bmp,TID2013,5.128210067749023,4.913115501403809
TID2013/i03_24_2.bmp,TID2013,4.205130100250244,4.160615921020508
TID2013/i15_03_4.bmp,TID2013,3.1777799129486084,3.390688419342041
TID2013/i20_12_2.bmp,TID2013,5.307690143585205,4.6711506843566895
TID2013/i01_16_3.bmp,TID2013,4.888889789581299,4.70369815826416
TID2013/i06_08_4.bmp,TID2013,2.702699899673462,3.3123488426208496
TID2013/i16_22_5.bmp,TID2013,2.7750000953674316,3.7758729457855225
TID2013/i20_21_4.bmp,TID2013,3.2432401180267334,4.371487617492676
TID2013/i20_20_3.bmp,TID2013,4.789470195770264,4.676238059997559
TID2013/i02_20_5.bmp,TID2013,2.8055601119995117,3.4195284843444824
TID2013/i06_14_1.bmp,TID2013,6.0,4.4358978271484375
TID2013/i12_03_3.bmp,TID2013,3.7567598819732666,3.7853758335113525
TID2013/i02_06_2.bmp,TID2013,4.277780055999756,4.502534866333008
TID2013/i20_17_3.bmp,TID2013,4.324319839477539,4.395674228668213
TID2013/i06_20_3.bmp,TID2013,5.594590187072754,4.8314104080200195
TID2013/i17_21_2.bmp,TID2013,4.794869899749756,4.524013519287109
TID2013/i03_20_2.bmp,TID2013,5.461540222167969,4.593135356903076
TID2013/i05_19_1.bmp,TID2013,5.175000190734863,4.938658237457275
TID2013/i14_02_1.bmp,TID2013,5.972970008850098,4.962184906005859
TID2013/i07_14_2.bmp,TID2013,6.159090042114258,4.410793781280518
TID2013/i05_04_5.bmp,TID2013,4.400000095367432,5.027333736419678
TID2013/i09_17_2.bmp,TID2013,6.787879943847656,4.8906025886535645
TID2013/i19_20_2.bmp,TID2013,5.710529804229736,4.892745018005371
TID2013/i11_19_3.bmp,TID2013,4.648650169372559,4.656452178955078
TID2013/i21_12_2.bmp,TID2013,4.767439842224121,4.694019794464111
TID2013/i22_10_4.bmp,TID2013,3.589740037918091,3.3946948051452637
TID2013/i21_14_1.bmp,TID2013,5.906980037689209,4.28310489654541
TID2013/i09_18_1.bmp,TID2013,4.818180084228516,4.210490703582764
TID2013/i15_23_5.bmp,TID2013,3.3720901012420654,3.502462387084961
TID2013/i21_10_5.bmp,TID2013,1.9268300533294678,2.53908109664917
TID2013/i07_16_2.bmp,TID2013,6.348840236663818,4.709726333618164
TID2013/i17_12_3.bmp,TID2013,5.076920032501221,4.3880767822265625
TID2013/i08_07_5.bmp,TID2013,2.3870999813079834,3.212226390838623
TID2013/i07_18_1.bmp,TID2013,5.386360168457031,4.484179496765137
TID2013/i20_12_3.bmp,TID2013,4.4473700523376465,4.329586505889893
TID2013/i16_18_2.bmp,TID2013,4.394740104675293,4.156479358673096
TID2013/i18_14_1.bmp,TID2013,4.9512200355529785,4.50595760345459
TID2013/i14_08_4.bmp,TID2013,2.8378400802612305,3.6122984886169434
TID2013/i11_04_4.bmp,TID2013,5.194439888000488,4.8644795417785645
TID2013/i06_05_4.bmp,TID2013,4.028570175170898,4.1454548835754395
TID2013/i12_10_4.bmp,TID2013,3.105259895324707,3.467402696609497
TID2013/i23_15_2.bmp,TID2013,2.9714300632476807,3.427440643310547
TID2013/i18_15_4.bmp,TID2013,3.5250000953674316,3.794785261154175
TID2013/i02_15_1.bmp,TID2013,3.4000000953674316,3.846787214279175
TID2013/i12_01_4.bmp,TID2013,4.138889789581299,4.560603141784668
TID2013/i06_20_5.bmp,TID2013,3.9729700088500977,3.804858922958374
TID2013/i25_04_4.bmp,TID2013,5.5,4.922797203063965
TID2013/i23_15_5.bmp,TID2013,3.628570079803467,4.112200736999512
TID2013/i23_06_2.bmp,TID2013,4.352940082550049,4.53138542175293
TID2013/i21_14_3.bmp,TID2013,5.952380180358887,4.617700099945068
TID2013/i17_06_4.bmp,TID2013,3.549999952316284,4.0630083084106445
TID2013/i05_09_5.bmp,TID2013,1.3658499717712402,3.141968250274658
TID2013/i07_16_3.bmp,TID2013,5.933330059051514,4.6559672355651855
TID2013/i11_20_3.bmp,TID2013,5.351349830627441,4.7591681480407715
TID2013/i20_23_2.bmp,TID2013,6.256410121917725,4.971466064453125
TID2013/i06_03_4.bmp,TID2013,2.9459500312805176,3.3846182823181152
TID2013/i12_15_1.bmp,TID2013,3.5,3.673084020614624
TID2013/i21_06_2.bmp,TID2013,4.380949974060059,4.574343681335449
TID2013/i25_04_1.bmp,TID2013,6.393939971923828,4.6399688720703125
TID2013/i05_23_4.bmp,TID2013,5.756100177764893,5.072421550750732
TID2013/i25_24_4.bmp,TID2013,4.027780055999756,4.022208213806152
TID2013/i02_11_2.bmp,TID2013,4.805560111999512,4.807356357574463
TID2013/i14_23_3.bmp,TID2013,5.611110210418701,5.187613487243652
TID2013/i23_09_5.bmp,TID2013,2.647059917449951,3.436699628829956
TID2013/i14_06_4.bmp,TID2013,3.777780055999756,4.092432975769043
TID2013/i08_21_5.bmp,TID2013,2.677419900894165,2.8575778007507324
TID2013/i14_10_5.bmp,TID2013,1.861109733581543,3.014414072036743
TID2013/I03_11_1.BMP,TID2013,5.368420124053955,4.682571887969971
TID2013/i22_17_1.bmp,TID2013,5.333330154418945,4.431581974029541
TID2013/i02_18_5.bmp,TID2013,4.54286003112793,4.632869720458984
TID2013/i20_08_4.bmp,TID2013,3.4210500717163086,4.535567283630371
TID2013/i17_12_4.bmp,TID2013,3.924999952316284,3.621807098388672
TID2013/i08_12_4.bmp,TID2013,4.8125,4.415528774261475
TID2013/i12_18_2.bmp,TID2013,5.351349830627441,4.559384346008301
TID2013/i22_10_2.bmp,TID2013,5.589739799499512,5.07424259185791
TID2013/i03_09_2.bmp,TID2013,6.256410121917725,4.637689590454102
TID2013/i01_18_1.bmp,TID2013,4.621620178222656,4.434466361999512
TID2013/I05_13_1.BMP,TID2013,5.463409900665283,4.709985256195068
TID2013/i12_04_1.bmp,TID2013,5.918920040130615,4.533548831939697
TID2013/i06_02_4.bmp,TID2013,4.833330154418945,4.593809604644775
TID2013/i01_16_5.bmp,TID2013,4.194439888000488,4.783266544342041
TID2013/i24_06_3.bmp,TID2013,3.9714300632476807,4.120438098907471
TID2013/i09_24_1.bmp,TID2013,5.75,4.598051071166992
TID2013/i16_20_3.bmp,TID2013,5.184209823608398,4.505661964416504
TID2013/i04_09_4.bmp,TID2013,3.780489921569824,3.8839006423950195
TID2013/i25_03_1.bmp,TID2013,4.0,4.245944023132324
TID2013/i05_04_3.bmp,TID2013,5.574999809265137,4.697548866271973
TID2013/i25_14_1.bmp,TID2013,5.714290142059326,4.50382137298584
TID2013/i17_01_3.bmp,TID2013,5.0512800216674805,4.842118263244629
TID2013/i07_18_5.bmp,TID2013,3.636359930038452,3.603766918182373
TID2013/i17_19_5.bmp,TID2013,3.9230799674987793,4.285325050354004
TID2013/i03_21_5.bmp,TID2013,2.0999999046325684,3.1222598552703857
TID2013/I04_11_1.BMP,TID2013,5.300000190734863,4.880094051361084
TID2013/i14_06_1.bmp,TID2013,5.083330154418945,4.924124240875244
TID2013/i15_10_2.bmp,TID2013,5.704549789428711,4.994448661804199
TID2013/i19_03_2.bmp,TID2013,4.054049968719482,4.228839874267578
TID2013/i23_15_4.bmp,TID2013,3.411760091781616,3.717008590698242
TID2013/i15_07_3.bmp,TID2013,3.613640069961548,3.6412014961242676
TID2013/i16_19_3.bmp,TID2013,4.615379810333252,4.713072776794434
TID2013/i03_12_2.bmp,TID2013,4.078949928283691,4.217657089233398
TID2013/i18_13_4.bmp,TID2013,2.902440071105957,3.338317394256592
TID2013/i25_08_1.bmp,TID2013,5.529409885406494,4.733125686645508
TID2013/i18_22_5.bmp,TID2013,2.333329916000366,3.6275506019592285
TID2013/i19_24_4.bmp,TID2013,2.5,2.7898573875427246
TID2013/i19_05_2.bmp,TID2013,5.5,5.058830261230469
TID2013/i24_09_5.bmp,TID2013,2.0,1.9513835906982422
TID2013/i23_12_1.bmp,TID2013,5.969699859619141,4.580234527587891
TID2013/i24_06_4.bmp,TID2013,3.666670083999634,3.763803482055664
TID2013/i17_10_3.bmp,TID2013,5.153850078582764,4.651285171508789
TID2013/i08_14_5.bmp,TID2013,4.0,4.195204257965088
TID2013/i11_06_1.bmp,TID2013,4.694439888000488,4.779423713684082
TID2013/I12_13_1.BMP,TID2013,5.378379821777344,4.40975284576416
TID2013/i16_21_4.bmp,TID2013,3.7692298889160156,3.715041160583496
TID2013/i14_12_2.bmp,TID2013,5.647059917449951,4.680478572845459
TID2013/i13_07_3.bmp,TID2013,4.642859935760498,4.641354560852051
TID2013/i07_13_2.bmp,TID2013,4.068180084228516,3.9687540531158447
TID2013/i22_08_2.bmp,TID2013,4.631579875946045,4.57982873916626
TID2013/i16_07_3.bmp,TID2013,4.349999904632568,3.8937559127807617
TID2013/i10_08_5.bmp,TID2013,2.7894699573516846,3.7355613708496094
TID2013/i08_11_3.bmp,TID2013,4.566669940948486,5.0462799072265625
TID2013/i22_07_3.bmp,TID2013,4.578949928283691,4.076440334320068
TID2013/i12_19_4.bmp,TID2013,4.710529804229736,4.5808939933776855
TID2013/i01_07_1.bmp,TID2013,5.083330154418945,5.071732521057129
TID2013/i01_17_5.bmp,TID2013,2.9714300632476807,4.107788562774658
TID2013/i02_08_5.bmp,TID2013,3.0270299911499023,3.4171323776245117
TID2013/i04_04_2.bmp,TID2013,6.268290042877197,4.848755836486816
TID2013/i16_14_5.bmp,TID2013,4.574999809265137,4.181365966796875
TID2013/i11_22_5.bmp,TID2013,2.527780055999756,3.238171100616455
TID2013/i08_17_4.bmp,TID2013,5.064519882202148,5.136703014373779
TID2013/i06_03_3.bmp,TID2013,3.472219944000244,3.7660107612609863
TID2013/i10_03_4.bmp,TID2013,3.307689905166626,3.648139476776123
TID2013/i21_23_1.bmp,TID2013,6.1162800788879395,5.091293811798096
TID2013/I05_01_1.bmp,TID2013,5.525000095367432,4.984386444091797
TID2013/i14_22_5.bmp,TID2013,3.277780055999756,3.831575393676758
TID2013/i13_09_1.bmp,TID2013,5.073170185089111,4.97291374206543
TID2013/i09_23_4.bmp,TID2013,4.8125,4.822815895080566
TID2013/i07_16_5.bmp,TID2013,4.818180084228516,4.724046230316162
TID2013/i22_13_4.bmp,TID2013,2.8717899322509766,3.1810591220855713
TID2013/i01_19_1.bmp,TID2013,5.944439888000488,5.12632942199707
TID2013/i02_08_2.bmp,TID2013,5.166669845581055,4.709238529205322
TID2013/i21_22_1.bmp,TID2013,5.357140064239502,4.604001998901367
TID2013/i12_02_2.bmp,TID2013,5.972970008850098,5.315116882324219
TID2013/i22_23_1.bmp,TID2013,6.324319839477539,4.929898738861084
TID2013/i04_11_5.bmp,TID2013,0.8809497356414795,1.6438488960266113
TID2013/i16_23_5.bmp,TID2013,1.526319980621338,1.6241488456726074
TID2013/i09_24_2.bmp,TID2013,5.09375,4.501526832580566
TID2013/i25_20_4.bmp,TID2013,4.972219944000244,4.818053722381592
TID2013/i08_09_3.bmp,TID2013,5.03125,4.677166938781738
TID2013/i21_04_2.bmp,TID2013,6.023260116577148,4.512453079223633
TID2013/i24_09_2.bmp,TID2013,5.294119834899902,4.827054023742676
TID2013/i18_05_3.bmp,TID2013,5.170730113983154,4.828155040740967
TID2013/i11_14_2.bmp,TID2013,5.45713996887207,4.445804595947266
TID2013/i01_21_5.bmp,TID2013,3.0540499687194824,2.94583797454834
TID2013/i05_16_1.bmp,TID2013,6.150000095367432,4.732511043548584
TID2013/i04_02_2.bmp,TID2013,6.153850078582764,5.034328460693359
TID2013/i07_21_1.bmp,TID2013,5.666669845581055,4.676767349243164
TID2013/i06_18_3.bmp,TID2013,3.888890027999878,4.448223114013672
TID2013/i07_08_4.bmp,TID2013,3.42221999168396,3.944678544998169
TID2013/i10_11_4.bmp,TID2013,2.1842100620269775,2.502429962158203
TID2013/i24_16_1.bmp,TID2013,5.971429824829102,4.733901023864746
TID2013/i07_06_4.bmp,TID2013,3.75,4.24877405166626
TID2013/i10_05_5.bmp,TID2013,3.3421099185943604,3.8333001136779785
TID2013/i22_01_2.bmp,TID2013,5.236839771270752,4.8139519691467285
TID2013/i06_23_2.bmp,TID2013,5.805560111999512,5.430712699890137
TID2013/i22_04_2.bmp,TID2013,5.717949867248535,4.641750335693359
TID2013/i24_04_5.bmp,TID2013,4.571430206298828,4.856564044952393
TID2013/i11_23_4.bmp,TID2013,5.270269870758057,4.8180341720581055
TID2013/i16_19_5.bmp,TID2013,3.666670083999634,4.155746936798096
TID2013/i12_22_5.bmp,TID2013,2.621619939804077,3.105461359024048
TID2013/i05_14_3.bmp,TID2013,5.60975980758667,4.646799087524414
TID2013/i04_12_1.bmp,TID2013,6.050000190734863,4.60107946395874
TID2013/i08_14_1.bmp,TID2013,5.65625,4.662819862365723
TID2013/i21_07_5.bmp,TID2013,3.166670083999634,3.660849094390869
TID2013/i17_10_5.bmp,TID2013,2.25,3.055518627166748
TID2013/i03_10_2.bmp,TID2013,5.666669845581055,4.9223551750183105
TID2013/i22_09_1.bmp,TID2013,5.846149921417236,4.776383399963379
TID2013/i10_03_5.bmp,TID2013,2.9230799674987793,3.3275346755981445
TID2013/i24_14_1.bmp,TID2013,6.0,4.4794511795043945
TID2013/i07_03_2.bmp,TID2013,4.227270126342773,4.1372833251953125
TID2013/i16_17_1.bmp,TID2013,5.824999809265137,4.026785850524902
TID2013/i13_17_1.bmp,TID2013,4.488369941711426,4.418628215789795
TID2013/i11_03_3.bmp,TID2013,3.8285698890686035,3.984250783920288
TID2013/i02_14_2.bmp,TID2013,6.081079959869385,4.60054874420166
TID2013/i02_16_3.bmp,TID2013,5.324319839477539,4.816561222076416
TID2013/i10_08_3.bmp,TID2013,4.351349830627441,4.474002361297607
TID2013/i17_21_3.bmp,TID2013,4.25,4.1973419189453125
TID2013/i19_14_1.bmp,TID2013,5.611110210418701,4.487118721008301
TID2013/i05_01_3.bmp,TID2013,4.846149921417236,5.000461578369141
TID2013/i18_05_1.bmp,TID2013,6.243899822235107,4.733606338500977
TID2013/i23_01_2.bmp,TID2013,5.057139873504639,5.156001091003418
TID2013/i21_18_3.bmp,TID2013,4.119050025939941,4.010170936584473
TID2013/i24_01_4.bmp,TID2013,4.142859935760498,4.255734920501709
TID2013/i01_14_3.bmp,TID2013,5.756760120391846,4.541971683502197
TID2013/i03_05_1.bmp,TID2013,6.5,4.974575996398926
TID2013/I14_13_1.BMP,TID2013,5.027029991149902,4.444660663604736
TID2013/i08_07_1.bmp,TID2013,5.5,4.908117294311523
TID2013/i09_21_4.bmp,TID2013,3.5,3.468761682510376
TID2013/i05_06_5.bmp,TID2013,2.512819766998291,3.4629619121551514
TID2013/i01_15_2.bmp,TID2013,2.8285698890686035,3.4489259719848633
TID2013/i18_09_3.bmp,TID2013,4.261899948120117,4.451236248016357
TID2013/i06_18_2.bmp,TID2013,4.361110210418701,4.4813032150268555
TID2013/i15_22_4.bmp,TID2013,4.488890171051025,4.248248100280762
TID2013/i23_20_1.bmp,TID2013,5.599999904632568,4.791418075561523
TID2013/i18_17_2.bmp,TID2013,6.097559928894043,4.9328932762146
TID2013/i23_21_5.bmp,TID2013,2.411760091781616,3.1713662147521973
TID2013/i11_06_5.bmp,TID2013,3.0285699367523193,4.257829666137695
TID2013/i20_16_1.bmp,TID2013,6.0512800216674805,4.996431350708008
TID2013/i25_15_3.bmp,TID2013,3.527780055999756,3.947909355163574
TID2013/i19_12_2.bmp,TID2013,5.594590187072754,4.6917009353637695
TID2013/i13_20_1.bmp,TID2013,5.67441987991333,4.582281112670898
TID2013/i10_22_5.bmp,TID2013,3.2564098834991455,3.8396201133728027
TID2013/i22_05_5.bmp,TID2013,3.1842100620269775,3.8374433517456055
TID2013/i15_21_4.bmp,TID2013,3.113640069961548,3.3386709690093994
TID2013/i03_19_2.bmp,TID2013,5.02564001083374,4.860801696777344
TID2013/i15_05_2.bmp,TID2013,5.651159763336182,5.074631214141846
TID2013/i19_03_1.bmp,TID2013,4.666669845581055,4.6011962890625
TID2013/i07_21_2.bmp,TID2013,4.954549789428711,4.466822147369385
TID2013/i17_07_3.bmp,TID2013,3.897439956665039,3.8885810375213623
TID2013/i11_05_5.bmp,TID2013,3.0555601119995117,4.086066246032715
TID2013/i14_21_1.bmp,TID2013,5.297299861907959,4.744058132171631
TID2013/i24_22_1.bmp,TID2013,5.771430015563965,4.850680351257324
TID2013/i13_05_2.bmp,TID2013,5.047619819641113,4.850442886352539
TID2013/i01_02_3.bmp,TID2013,5.388889789581299,5.001794338226318
TID2013/i11_04_5.bmp,TID2013,4.675680160522461,4.844122886657715
TID2013/i23_23_4.bmp,TID2013,3.757580041885376,4.018071174621582
TID2013/i17_19_1.bmp,TID2013,5.724999904632568,5.018466472625732
TID2013/i25_23_3.bmp,TID2013,6.1714301109313965,4.942138671875
TID2013/i23_22_3.bmp,TID2013,5.029409885406494,4.9651031494140625
TID2013/i12_07_4.bmp,TID2013,3.189189910888672,3.577326774597168
TID2013/i19_04_1.bmp,TID2013,5.894740104675293,4.404827117919922
TID2013/i12_24_2.bmp,TID2013,4.378379821777344,4.336557388305664
TID2013/i14_03_5.bmp,TID2013,2.594589948654175,3.0133800506591797
TID2013/i13_04_4.bmp,TID2013,5.439020156860352,4.777324199676514
TID2013/i18_22_3.bmp,TID2013,3.6829299926757812,4.315260887145996
TID2013/i18_04_2.bmp,TID2013,5.880949974060059,4.556183815002441
TID2013/i05_08_4.bmp,TID2013,2.780489921569824,3.4967501163482666
TID2013/i07_19_5.bmp,TID2013,3.70455002784729,3.835750102996826
TID2013/i12_05_3.bmp,TID2013,5.210529804229736,5.175639629364014
TID2013/i25_15_1.bmp,TID2013,3.277780055999756,3.7522664070129395
TID2013/i14_03_3.bmp,TID2013,3.777780055999756,3.887317657470703
TID2013/i18_21_1.bmp,TID2013,5.523809909820557,4.733179569244385
TID2013/i22_18_2.bmp,TID2013,4.684209823608398,4.336905002593994
TID2013/i11_06_4.bmp,TID2013,3.5405399799346924,4.236309051513672
TID2013/I19_01_1.bmp,TID2013,5.729730129241943,5.111266613006592
TID2013/i04_01_3.bmp,TID2013,4.928569793701172,4.6210126876831055
TID2013/i18_13_3.bmp,TID2013,3.8809499740600586,4.351509094238281
TID2013/i22_05_1.bmp,TID2013,5.868420124053955,4.8594970703125
TID2013/i07_12_4.bmp,TID2013,2.863640069961548,3.1674623489379883
TID2013/i14_08_5.bmp,TID2013,1.5945897102355957,3.2434892654418945
TID2013/i25_13_5.bmp,TID2013,3.0285699367523193,4.187537670135498
TID2013/I09_13_1.BMP,TID2013,4.51515007019043,4.187626838684082
TID2013/i04_18_1.bmp,TID2013,5.414629936218262,4.54459810256958
TID2013/i13_09_4.bmp,TID2013,2.166670083999634,2.830021858215332
TID2013/i22_06_5.bmp,TID2013,3.2432401180267334,3.6457412242889404
TID2013/i23_19_1.bmp,TID2013,5.714290142059326,5.116052627563477
TID2013/i01_12_1.bmp,TID2013,5.945950031280518,4.707371234893799
TID2013/i18_10_5.bmp,TID2013,2.1707301139831543,3.316620349884033
TID2013/i11_03_1.bmp,TID2013,5.0,4.508200645446777
TID2013/i20_01_4.bmp,TID2013,4.4359002113342285,4.542450428009033
TID2013/i20_10_1.bmp,TID2013,6.131579875946045,4.867717266082764
TID2013/i05_22_3.bmp,TID2013,4.756100177764893,4.887641429901123
TID2013/I16_11_1.BMP,TID2013,5.875,4.881056785583496
TID2013/i06_16_4.bmp,TID2013,5.8378400802612305,5.169772624969482
TID2013/i20_07_1.bmp,TID2013,5.282050132751465,4.849310874938965
TID2013/i14_24_5.bmp,TID2013,0.9189200401306152,2.929574966430664
TID2013/i20_12_1.bmp,TID2013,6.128210067749023,4.526627063751221
TID2013/i25_10_3.bmp,TID2013,4.257140159606934,4.842929840087891
TID2013/i07_07_3.bmp,TID2013,4.318180084228516,4.189836025238037
